<?xml version="1.0" encoding="UTF-8"?><idempiere Name="AD_UserDef_Win" Version="1.0.0" idempiereVersion="8.2.0.latest" DataBaseVersion="2020-12-20" Description="" Author="SuperUser" AuthorEmail="superuser @ idempiere.com" CreatedDate="Wed Mar 10 19:38:09 CST 2021" UpdatedDate="Wed Mar 10 19:38:09 CST 2021" PackOutVersion="100" UpdateDictionary="true" Client="11-GardenWorld-GardenWorld" AD_Client_UU="3268b9a8-10d8-466d-96e5-aa01166408fa">
    <AD_UserDef_Win type="table">
        <AD_Org_ID>0</AD_Org_ID>
        <AD_Org_ID reference="id">0</AD_Org_ID>
        <AD_User_ID reference="id"/>
        <IsActive>Y</IsActive>
        <AD_Window_ID reference="id">121</AD_Window_ID>
        <Name>Location</Name>
        <Description>Maintain Location Address</Description>
        <Help>The Location Window defines the address data within the system.  This window is for System Admin only.  Users would access location entries using the location button or tab on the appropriate window (i.e Order Entry or Business Partner)</Help>
        <AD_Language/>
        <IsDefault>N</IsDefault>
        <IsReadOnly>N</IsReadOnly>
        <IsUserUpdateable>N</IsUserUpdateable>
        <AD_Role_ID reference="id"/>
        <AD_UserDef_Win_UU>a30ea89a-4cf9-4719-ada9-d3e303abe815</AD_UserDef_Win_UU>
        <AD_UserDef_Tab type="table">
            <AD_Org_ID>0</AD_Org_ID>
            <AD_Org_ID reference="id">0</AD_Org_ID>
            <IsActive>Y</IsActive>
            <AD_UserDef_Win_ID reference="uuid" reference-key="AD_UserDef_Win">a30ea89a-4cf9-4719-ada9-d3e303abe815</AD_UserDef_Win_ID>
            <AD_Tab_ID reference="id">154</AD_Tab_ID>
            <Name>Location</Name>
            <Description>Define Location</Description>
            <Help>The Location Tab defines the location of an Organization.</Help>
            <IsSingleRow>Y</IsSingleRow>
            <IsReadOnly>N</IsReadOnly>
            <IsMultiRowOnly>N</IsMultiRowOnly>
            <AD_UserDef_Tab_UU>ca70a7e4-f12b-4d86-834e-5273c4933c20</AD_UserDef_Tab_UU>
            <ReadOnlyLogic/>
            <WhereClause/>
            <OrderByClause/>
            <AD_Process_ID reference="id"/>
            <SeqNo/>
            <DisplayLogic/>
            <IsLookupOnlySelection/>
            <IsAllowAdvancedLookup/>
            <AD_UserDef_Field type="table">
                <AD_Org_ID>0</AD_Org_ID>
                <AD_Org_ID reference="id">0</AD_Org_ID>
                <IsActive>Y</IsActive>
                <AD_UserDef_Tab_ID reference="uuid" reference-key="AD_UserDef_Tab">ca70a7e4-f12b-4d86-834e-5273c4933c20</AD_UserDef_Tab_ID>
                <AD_Field_ID reference="id">548</AD_Field_ID>
                <Name>Country</Name>
                <Description>Country </Description>
                <Help>The Country defines a Country.  Each Country must be defined before it can be used in any document.</Help>
                <IsDisplayed/>
                <DisplayLength>0</DisplayLength>
                <DisplayLogic/>
                <IsReadOnly/>
                <IsUpdateable/>
                <SortNo>999</SortNo>
                <SeqNo>40</SeqNo>
                <IsSameLine/>
                <DefaultValue/>
                <AD_UserDef_Field_UU>099f4964-817a-476c-b876-55669d65e88f</AD_UserDef_Field_UU>
                <IsAlwaysUpdateable/>
                <MandatoryLogic/>
                <ReadOnlyLogic/>
                <AD_Reference_Value_ID reference="id"/>
                <IsMandatory/>
                <XPosition>1</XPosition>
                <NumLines>1</NumLines>
                <ColumnSpan>2</ColumnSpan>
                <IsToolbarButton/>
                <AD_Reference_ID reference="id"/>
                <AD_Val_Rule_ID reference="id"/>
                <VFormat/>
                <AD_LabelStyle_ID reference="id"/>
                <AD_FieldStyle_ID reference="id"/>
                <PA_DashboardContent_ID reference="id"/>
                <Placeholder/>
                <AD_Val_Rule_Lookup_ID reference="id"/>
                <IsAutocomplete/>
                <AD_FieldGroup_ID reference="id"/>
            </AD_UserDef_Field>
            <AD_UserDef_Field type="table">
                <AD_Org_ID>0</AD_Org_ID>
                <AD_Org_ID reference="id">0</AD_Org_ID>
                <IsActive>Y</IsActive>
                <AD_UserDef_Tab_ID reference="uuid" reference-key="AD_UserDef_Tab">ca70a7e4-f12b-4d86-834e-5273c4933c20</AD_UserDef_Tab_ID>
                <AD_Field_ID reference="id">547</AD_Field_ID>
                <Name>Region</Name>
                <Description>Identifies a geographical Region</Description>
                <Help>The Region identifies a unique Region for this Country.</Help>
                <IsDisplayed/>
                <DisplayLength>0</DisplayLength>
                <DisplayLogic/>
                <IsReadOnly/>
                <IsUpdateable/>
                <SortNo>999</SortNo>
                <SeqNo>50</SeqNo>
                <IsSameLine/>
                <DefaultValue/>
                <AD_UserDef_Field_UU>a914425f-7915-406c-8502-decee4dce5c1</AD_UserDef_Field_UU>
                <IsAlwaysUpdateable/>
                <MandatoryLogic/>
                <ReadOnlyLogic/>
                <AD_Reference_Value_ID reference="id"/>
                <IsMandatory/>
                <XPosition>1</XPosition>
                <NumLines>1</NumLines>
                <ColumnSpan>2</ColumnSpan>
                <IsToolbarButton/>
                <AD_Reference_ID reference="id"/>
                <AD_Val_Rule_ID reference="id"/>
                <VFormat/>
                <AD_LabelStyle_ID reference="id"/>
                <AD_FieldStyle_ID reference="id"/>
                <PA_DashboardContent_ID reference="id"/>
                <Placeholder/>
                <AD_Val_Rule_Lookup_ID reference="id"/>
                <IsAutocomplete/>
                <AD_FieldGroup_ID reference="id"/>
            </AD_UserDef_Field>
            <AD_UserDef_Field type="table">
                <AD_Org_ID>0</AD_Org_ID>
                <AD_Org_ID reference="id">0</AD_Org_ID>
                <IsActive>Y</IsActive>
                <AD_UserDef_Tab_ID reference="uuid" reference-key="AD_UserDef_Tab">ca70a7e4-f12b-4d86-834e-5273c4933c20</AD_UserDef_Tab_ID>
                <AD_Field_ID reference="id">202475</AD_Field_ID>
                <Name>Valid</Name>
                <Description>Element is valid</Description>
                <Help>The element passed the validation check</Help>
                <IsDisplayed>N</IsDisplayed>
                <DisplayLength>0</DisplayLength>
                <DisplayLogic/>
                <IsReadOnly/>
                <IsUpdateable/>
                <SortNo>999</SortNo>
                <SeqNo>999</SeqNo>
                <IsSameLine/>
                <DefaultValue/>
                <AD_UserDef_Field_UU>d3cf2a4b-4fd4-4337-b348-a73031a83432</AD_UserDef_Field_UU>
                <IsAlwaysUpdateable/>
                <MandatoryLogic/>
                <ReadOnlyLogic/>
                <AD_Reference_Value_ID reference="id"/>
                <IsMandatory/>
                <XPosition>0</XPosition>
                <NumLines>0</NumLines>
                <ColumnSpan>0</ColumnSpan>
                <IsToolbarButton/>
                <AD_Reference_ID reference="id"/>
                <AD_Val_Rule_ID reference="id"/>
                <VFormat/>
                <AD_LabelStyle_ID reference="id"/>
                <AD_FieldStyle_ID reference="id"/>
                <PA_DashboardContent_ID reference="id"/>
                <Placeholder/>
                <AD_Val_Rule_Lookup_ID reference="id"/>
                <IsAutocomplete/>
                <AD_FieldGroup_ID reference="id"/>
            </AD_UserDef_Field>
            <AD_UserDef_Field type="table">
                <AD_Org_ID>0</AD_Org_ID>
                <AD_Org_ID reference="id">0</AD_Org_ID>
                <IsActive>Y</IsActive>
                <AD_UserDef_Tab_ID reference="uuid" reference-key="AD_UserDef_Tab">ca70a7e4-f12b-4d86-834e-5273c4933c20</AD_UserDef_Tab_ID>
                <AD_Field_ID reference="id">10589</AD_Field_ID>
                <Name>Address 3</Name>
                <Description>Address Line 3 for the location</Description>
                <Help>The Address 2 provides additional address information for an entity.  It can be used for building location, apartment number or similar information.</Help>
                <IsDisplayed/>
                <DisplayLength>0</DisplayLength>
                <DisplayLogic/>
                <IsReadOnly/>
                <IsUpdateable/>
                <SortNo>999</SortNo>
                <SeqNo>100</SeqNo>
                <IsSameLine/>
                <DefaultValue/>
                <AD_UserDef_Field_UU>ac9a975d-b575-4ddd-b75b-64bfc5e7c7a0</AD_UserDef_Field_UU>
                <IsAlwaysUpdateable/>
                <MandatoryLogic/>
                <ReadOnlyLogic/>
                <AD_Reference_Value_ID reference="id"/>
                <IsMandatory/>
                <XPosition>1</XPosition>
                <NumLines>1</NumLines>
                <ColumnSpan>5</ColumnSpan>
                <IsToolbarButton/>
                <AD_Reference_ID reference="id"/>
                <AD_Val_Rule_ID reference="id"/>
                <VFormat/>
                <AD_LabelStyle_ID reference="id"/>
                <AD_FieldStyle_ID reference="id"/>
                <PA_DashboardContent_ID reference="id"/>
                <Placeholder/>
                <AD_Val_Rule_Lookup_ID reference="id"/>
                <IsAutocomplete/>
                <AD_FieldGroup_ID reference="id"/>
            </AD_UserDef_Field>
            <AD_UserDef_Field type="table">
                <AD_Org_ID>0</AD_Org_ID>
                <AD_Org_ID reference="id">0</AD_Org_ID>
                <IsActive>Y</IsActive>
                <AD_UserDef_Tab_ID reference="uuid" reference-key="AD_UserDef_Tab">ca70a7e4-f12b-4d86-834e-5273c4933c20</AD_UserDef_Tab_ID>
                <AD_Field_ID reference="id">202473</AD_Field_ID>
                <Name>Validate Address</Name>
                <Description/>
                <Help/>
                <IsDisplayed>N</IsDisplayed>
                <DisplayLength>0</DisplayLength>
                <DisplayLogic/>
                <IsReadOnly/>
                <IsUpdateable/>
                <SortNo>999</SortNo>
                <SeqNo>999</SeqNo>
                <IsSameLine/>
                <DefaultValue/>
                <AD_UserDef_Field_UU>e4100d2c-fc47-4b49-ba4d-5efc30d20f43</AD_UserDef_Field_UU>
                <IsAlwaysUpdateable/>
                <MandatoryLogic/>
                <ReadOnlyLogic/>
                <AD_Reference_Value_ID reference="id"/>
                <IsMandatory/>
                <XPosition>0</XPosition>
                <NumLines>0</NumLines>
                <ColumnSpan>0</ColumnSpan>
                <IsToolbarButton/>
                <AD_Reference_ID reference="id"/>
                <AD_Val_Rule_ID reference="id"/>
                <VFormat/>
                <AD_LabelStyle_ID reference="id"/>
                <AD_FieldStyle_ID reference="id"/>
                <PA_DashboardContent_ID reference="id"/>
                <Placeholder/>
                <AD_Val_Rule_Lookup_ID reference="id"/>
                <IsAutocomplete/>
                <AD_FieldGroup_ID reference="id"/>
            </AD_UserDef_Field>
            <AD_UserDef_Field type="table">
                <AD_Org_ID>0</AD_Org_ID>
                <AD_Org_ID reference="id">0</AD_Org_ID>
                <IsActive>Y</IsActive>
                <AD_UserDef_Tab_ID reference="uuid" reference-key="AD_UserDef_Tab">ca70a7e4-f12b-4d86-834e-5273c4933c20</AD_UserDef_Tab_ID>
                <AD_Field_ID reference="id">5754</AD_Field_ID>
                <Name>City</Name>
                <Description>City</Description>
                <Help>City in a country</Help>
                <IsDisplayed/>
                <DisplayLength>0</DisplayLength>
                <DisplayLogic/>
                <IsReadOnly/>
                <IsUpdateable/>
                <SortNo>999</SortNo>
                <SeqNo>60</SeqNo>
                <IsSameLine/>
                <DefaultValue/>
                <AD_UserDef_Field_UU>16a5abc6-eb83-4a7e-9dc2-7ff7971ffa3e</AD_UserDef_Field_UU>
                <IsAlwaysUpdateable/>
                <MandatoryLogic/>
                <ReadOnlyLogic/>
                <AD_Reference_Value_ID reference="id"/>
                <IsMandatory/>
                <XPosition>1</XPosition>
                <NumLines>1</NumLines>
                <ColumnSpan>2</ColumnSpan>
                <IsToolbarButton/>
                <AD_Reference_ID reference="id">19</AD_Reference_ID>
                <AD_Val_Rule_ID reference="id">52045</AD_Val_Rule_ID>
                <VFormat/>
                <AD_LabelStyle_ID reference="id"/>
                <AD_FieldStyle_ID reference="id"/>
                <PA_DashboardContent_ID reference="id"/>
                <Placeholder/>
                <AD_Val_Rule_Lookup_ID reference="id"/>
                <IsAutocomplete/>
                <AD_FieldGroup_ID reference="id"/>
            </AD_UserDef_Field>
            <AD_UserDef_Field type="table">
                <AD_Org_ID>0</AD_Org_ID>
                <AD_Org_ID reference="id">0</AD_Org_ID>
                <IsActive>Y</IsActive>
                <AD_UserDef_Tab_ID reference="uuid" reference-key="AD_UserDef_Tab">ca70a7e4-f12b-4d86-834e-5273c4933c20</AD_UserDef_Tab_ID>
                <AD_Field_ID reference="id">10590</AD_Field_ID>
                <Name>Address 4</Name>
                <Description>Address Line 4 for the location</Description>
                <Help>The Address 4 provides additional address information for an entity.  It can be used for building location, apartment number or similar information.</Help>
                <IsDisplayed>N</IsDisplayed>
                <DisplayLength>0</DisplayLength>
                <DisplayLogic/>
                <IsReadOnly/>
                <IsUpdateable/>
                <SortNo>999</SortNo>
                <SeqNo>999</SeqNo>
                <IsSameLine/>
                <DefaultValue/>
                <AD_UserDef_Field_UU>473bf17f-6abc-47fa-84a9-6a8bc2d0c146</AD_UserDef_Field_UU>
                <IsAlwaysUpdateable/>
                <MandatoryLogic/>
                <ReadOnlyLogic/>
                <AD_Reference_Value_ID reference="id"/>
                <IsMandatory/>
                <XPosition>0</XPosition>
                <NumLines>0</NumLines>
                <ColumnSpan>0</ColumnSpan>
                <IsToolbarButton/>
                <AD_Reference_ID reference="id"/>
                <AD_Val_Rule_ID reference="id"/>
                <VFormat/>
                <AD_LabelStyle_ID reference="id"/>
                <AD_FieldStyle_ID reference="id"/>
                <PA_DashboardContent_ID reference="id"/>
                <Placeholder/>
                <AD_Val_Rule_Lookup_ID reference="id"/>
                <IsAutocomplete/>
                <AD_FieldGroup_ID reference="id"/>
            </AD_UserDef_Field>
            <AD_UserDef_Field type="table">
                <AD_Org_ID>0</AD_Org_ID>
                <AD_Org_ID reference="id">0</AD_Org_ID>
                <IsActive>Y</IsActive>
                <AD_UserDef_Tab_ID reference="uuid" reference-key="AD_UserDef_Tab">ca70a7e4-f12b-4d86-834e-5273c4933c20</AD_UserDef_Tab_ID>
                <AD_Field_ID reference="id">550</AD_Field_ID>
                <Name>Additional Zip</Name>
                <Description>Additional ZIP or Postal code</Description>
                <Help>The Additional ZIP or Postal Code identifies, if appropriate, any additional Postal Code information.</Help>
                <IsDisplayed>N</IsDisplayed>
                <DisplayLength>0</DisplayLength>
                <DisplayLogic/>
                <IsReadOnly/>
                <IsUpdateable/>
                <SortNo>999</SortNo>
                <SeqNo>999</SeqNo>
                <IsSameLine/>
                <DefaultValue/>
                <AD_UserDef_Field_UU>d76df151-742b-44be-9ca5-501daa2a7cca</AD_UserDef_Field_UU>
                <IsAlwaysUpdateable/>
                <MandatoryLogic/>
                <ReadOnlyLogic/>
                <AD_Reference_Value_ID reference="id"/>
                <IsMandatory/>
                <XPosition>0</XPosition>
                <NumLines>0</NumLines>
                <ColumnSpan>0</ColumnSpan>
                <IsToolbarButton/>
                <AD_Reference_ID reference="id"/>
                <AD_Val_Rule_ID reference="id"/>
                <VFormat/>
                <AD_LabelStyle_ID reference="id"/>
                <AD_FieldStyle_ID reference="id"/>
                <PA_DashboardContent_ID reference="id"/>
                <Placeholder/>
                <AD_Val_Rule_Lookup_ID reference="id"/>
                <IsAutocomplete/>
                <AD_FieldGroup_ID reference="id"/>
            </AD_UserDef_Field>
            <AD_UserDef_Field type="table">
                <AD_Org_ID>0</AD_Org_ID>
                <AD_Org_ID reference="id">0</AD_Org_ID>
                <IsActive>Y</IsActive>
                <AD_UserDef_Tab_ID reference="uuid" reference-key="AD_UserDef_Tab">ca70a7e4-f12b-4d86-834e-5273c4933c20</AD_UserDef_Tab_ID>
                <AD_Field_ID reference="id">202474</AD_Field_ID>
                <Name>Result</Name>
                <Description>Result of the action taken</Description>
                <Help>The Result indicates the result of any action taken on this request.</Help>
                <IsDisplayed>N</IsDisplayed>
                <DisplayLength>0</DisplayLength>
                <DisplayLogic/>
                <IsReadOnly/>
                <IsUpdateable/>
                <SortNo>999</SortNo>
                <SeqNo>999</SeqNo>
                <IsSameLine/>
                <DefaultValue/>
                <AD_UserDef_Field_UU>960c310d-f5cc-41a8-bf5e-72818e88bf3c</AD_UserDef_Field_UU>
                <IsAlwaysUpdateable/>
                <MandatoryLogic/>
                <ReadOnlyLogic/>
                <AD_Reference_Value_ID reference="id"/>
                <IsMandatory/>
                <XPosition>0</XPosition>
                <NumLines>0</NumLines>
                <ColumnSpan>0</ColumnSpan>
                <IsToolbarButton/>
                <AD_Reference_ID reference="id"/>
                <AD_Val_Rule_ID reference="id"/>
                <VFormat/>
                <AD_LabelStyle_ID reference="id"/>
                <AD_FieldStyle_ID reference="id"/>
                <PA_DashboardContent_ID reference="id"/>
                <Placeholder/>
                <AD_Val_Rule_Lookup_ID reference="id"/>
                <IsAutocomplete/>
                <AD_FieldGroup_ID reference="id"/>
            </AD_UserDef_Field>
            <AD_UserDef_Field type="table">
                <AD_Org_ID>0</AD_Org_ID>
                <AD_Org_ID reference="id">0</AD_Org_ID>
                <IsActive>Y</IsActive>
                <AD_UserDef_Tab_ID reference="uuid" reference-key="AD_UserDef_Tab">ca70a7e4-f12b-4d86-834e-5273c4933c20</AD_UserDef_Tab_ID>
                <AD_Field_ID reference="id">202476</AD_Field_ID>
                <Name>Address Validation</Name>
                <Description/>
                <Help/>
                <IsDisplayed>N</IsDisplayed>
                <DisplayLength>0</DisplayLength>
                <DisplayLogic/>
                <IsReadOnly/>
                <IsUpdateable/>
                <SortNo>999</SortNo>
                <SeqNo>999</SeqNo>
                <IsSameLine/>
                <DefaultValue/>
                <AD_UserDef_Field_UU>6c0ee4dc-d126-430f-9450-f39e6a562aad</AD_UserDef_Field_UU>
                <IsAlwaysUpdateable/>
                <MandatoryLogic/>
                <ReadOnlyLogic/>
                <AD_Reference_Value_ID reference="id"/>
                <IsMandatory/>
                <XPosition>0</XPosition>
                <NumLines>0</NumLines>
                <ColumnSpan>0</ColumnSpan>
                <IsToolbarButton/>
                <AD_Reference_ID reference="id"/>
                <AD_Val_Rule_ID reference="id"/>
                <VFormat/>
                <AD_LabelStyle_ID reference="id"/>
                <AD_FieldStyle_ID reference="id"/>
                <PA_DashboardContent_ID reference="id"/>
                <Placeholder/>
                <AD_Val_Rule_Lookup_ID reference="id"/>
                <IsAutocomplete/>
                <AD_FieldGroup_ID reference="id"/>
            </AD_UserDef_Field>
            <AD_UserDef_Field type="table">
                <AD_Org_ID>0</AD_Org_ID>
                <AD_Org_ID reference="id">0</AD_Org_ID>
                <IsActive>Y</IsActive>
                <AD_UserDef_Tab_ID reference="uuid" reference-key="AD_UserDef_Tab">ca70a7e4-f12b-4d86-834e-5273c4933c20</AD_UserDef_Tab_ID>
                <AD_Field_ID reference="id">205137</AD_Field_ID>
                <Name>Address 5</Name>
                <Description>Address Line 5 for the location</Description>
                <Help>The Address 5 provides additional address information for an entity.  It can be used for building location, apartment number or similar information.</Help>
                <IsDisplayed>N</IsDisplayed>
                <DisplayLength>0</DisplayLength>
                <DisplayLogic/>
                <IsReadOnly/>
                <IsUpdateable/>
                <SortNo>999</SortNo>
                <SeqNo>999</SeqNo>
                <IsSameLine/>
                <DefaultValue/>
                <AD_UserDef_Field_UU>215985e7-eb63-4bb6-bdf0-2d65668bff2a</AD_UserDef_Field_UU>
                <IsAlwaysUpdateable/>
                <MandatoryLogic/>
                <ReadOnlyLogic/>
                <AD_Reference_Value_ID reference="id"/>
                <IsMandatory/>
                <XPosition>0</XPosition>
                <NumLines>0</NumLines>
                <ColumnSpan>0</ColumnSpan>
                <IsToolbarButton/>
                <AD_Reference_ID reference="id"/>
                <AD_Val_Rule_ID reference="id"/>
                <VFormat/>
                <AD_LabelStyle_ID reference="id"/>
                <AD_FieldStyle_ID reference="id"/>
                <PA_DashboardContent_ID reference="id"/>
                <Placeholder/>
                <AD_Val_Rule_Lookup_ID reference="id"/>
                <IsAutocomplete/>
                <AD_FieldGroup_ID reference="id"/>
            </AD_UserDef_Field>
            <AD_UserDef_Field type="table">
                <AD_Org_ID>0</AD_Org_ID>
                <AD_Org_ID reference="id">0</AD_Org_ID>
                <IsActive>Y</IsActive>
                <AD_UserDef_Tab_ID reference="uuid" reference-key="AD_UserDef_Tab">ca70a7e4-f12b-4d86-834e-5273c4933c20</AD_UserDef_Tab_ID>
                <AD_Field_ID reference="id">539</AD_Field_ID>
                <Name>Address</Name>
                <Description>Location or Address</Description>
                <Help>The Location / Address field defines the location of an entity.</Help>
                <IsDisplayed>N</IsDisplayed>
                <DisplayLength>0</DisplayLength>
                <DisplayLogic/>
                <IsReadOnly/>
                <IsUpdateable/>
                <SortNo>999</SortNo>
                <SeqNo>999</SeqNo>
                <IsSameLine/>
                <DefaultValue/>
                <AD_UserDef_Field_UU>321125a2-6b16-4556-bcdd-7454075d9ea4</AD_UserDef_Field_UU>
                <IsAlwaysUpdateable/>
                <MandatoryLogic/>
                <ReadOnlyLogic/>
                <AD_Reference_Value_ID reference="id"/>
                <IsMandatory/>
                <XPosition>0</XPosition>
                <NumLines>0</NumLines>
                <ColumnSpan>0</ColumnSpan>
                <IsToolbarButton/>
                <AD_Reference_ID reference="id"/>
                <AD_Val_Rule_ID reference="id"/>
                <VFormat/>
                <AD_LabelStyle_ID reference="id"/>
                <AD_FieldStyle_ID reference="id"/>
                <PA_DashboardContent_ID reference="id"/>
                <Placeholder/>
                <AD_Val_Rule_Lookup_ID reference="id"/>
                <IsAutocomplete/>
                <AD_FieldGroup_ID reference="id"/>
            </AD_UserDef_Field>
            <AD_UserDef_Field type="table">
                <AD_Org_ID>0</AD_Org_ID>
                <AD_Org_ID reference="id">0</AD_Org_ID>
                <IsActive>Y</IsActive>
                <AD_UserDef_Tab_ID reference="uuid" reference-key="AD_UserDef_Tab">ca70a7e4-f12b-4d86-834e-5273c4933c20</AD_UserDef_Tab_ID>
                <AD_Field_ID reference="id">6297</AD_Field_ID>
                <Name>Region Name</Name>
                <Description>Name of the Region</Description>
                <Help>The Region Name defines the name that will print when this region is used in a document.</Help>
                <IsDisplayed/>
                <DisplayLength>0</DisplayLength>
                <DisplayLogic/>
                <IsReadOnly/>
                <IsUpdateable/>
                <SortNo>999</SortNo>
                <SeqNo>51</SeqNo>
                <IsSameLine/>
                <DefaultValue/>
                <AD_UserDef_Field_UU>45c4dfd0-8a90-49d3-b838-e680df9fcafb</AD_UserDef_Field_UU>
                <IsAlwaysUpdateable/>
                <MandatoryLogic/>
                <ReadOnlyLogic/>
                <AD_Reference_Value_ID reference="id"/>
                <IsMandatory/>
                <XPosition>4</XPosition>
                <NumLines>1</NumLines>
                <ColumnSpan>2</ColumnSpan>
                <IsToolbarButton/>
                <AD_Reference_ID reference="id"/>
                <AD_Val_Rule_ID reference="id"/>
                <VFormat/>
                <AD_LabelStyle_ID reference="id"/>
                <AD_FieldStyle_ID reference="id"/>
                <PA_DashboardContent_ID reference="id"/>
                <Placeholder/>
                <AD_Val_Rule_Lookup_ID reference="id"/>
                <IsAutocomplete/>
                <AD_FieldGroup_ID reference="id"/>
            </AD_UserDef_Field>
            <AD_UserDef_Field type="table">
                <AD_Org_ID>0</AD_Org_ID>
                <AD_Org_ID reference="id">0</AD_Org_ID>
                <IsActive>Y</IsActive>
                <AD_UserDef_Tab_ID reference="uuid" reference-key="AD_UserDef_Tab">ca70a7e4-f12b-4d86-834e-5273c4933c20</AD_UserDef_Tab_ID>
                <AD_Field_ID reference="id">205138</AD_Field_ID>
                <Name>Label</Name>
                <Description>Comments or additional information</Description>
                <Help>The Comments field allows for free form entry of additional information.</Help>
                <IsDisplayed/>
                <DisplayLength>0</DisplayLength>
                <DisplayLogic/>
                <IsReadOnly>Y</IsReadOnly>
                <IsUpdateable/>
                <SortNo>1</SortNo>
                <SeqNo>30</SeqNo>
                <IsSameLine/>
                <DefaultValue/>
                <AD_UserDef_Field_UU>7df732bf-248e-4ead-ac13-7094c75fdd12</AD_UserDef_Field_UU>
                <IsAlwaysUpdateable/>
                <MandatoryLogic/>
                <ReadOnlyLogic/>
                <AD_Reference_Value_ID reference="id"/>
                <IsMandatory/>
                <XPosition>1</XPosition>
                <NumLines>1</NumLines>
                <ColumnSpan>2</ColumnSpan>
                <IsToolbarButton/>
                <AD_Reference_ID reference="id"/>
                <AD_Val_Rule_ID reference="id"/>
                <VFormat/>
                <AD_LabelStyle_ID reference="id"/>
                <AD_FieldStyle_ID reference="id"/>
                <PA_DashboardContent_ID reference="id"/>
                <Placeholder/>
                <AD_Val_Rule_Lookup_ID reference="id"/>
                <IsAutocomplete/>
                <AD_FieldGroup_ID reference="id"/>
            </AD_UserDef_Field>
            <AD_UserDef_Field type="table">
                <AD_Org_ID>0</AD_Org_ID>
                <AD_Org_ID reference="id">0</AD_Org_ID>
                <IsActive>Y</IsActive>
                <AD_UserDef_Tab_ID reference="uuid" reference-key="AD_UserDef_Tab">ca70a7e4-f12b-4d86-834e-5273c4933c20</AD_UserDef_Tab_ID>
                <AD_Field_ID reference="id">546</AD_Field_ID>
                <Name>City Name</Name>
                <Description>Identifies a City</Description>
                <Help>The City identifies a unique City for this Country or Region.</Help>
                <IsDisplayed/>
                <DisplayLength>0</DisplayLength>
                <DisplayLogic/>
                <IsReadOnly/>
                <IsUpdateable/>
                <SortNo>999</SortNo>
                <SeqNo>61</SeqNo>
                <IsSameLine/>
                <DefaultValue/>
                <AD_UserDef_Field_UU>1c2f3260-6d24-4bd0-95f5-3b307e4edce1</AD_UserDef_Field_UU>
                <IsAlwaysUpdateable/>
                <MandatoryLogic/>
                <ReadOnlyLogic/>
                <AD_Reference_Value_ID reference="id"/>
                <IsMandatory/>
                <XPosition>4</XPosition>
                <NumLines>1</NumLines>
                <ColumnSpan>2</ColumnSpan>
                <IsToolbarButton/>
                <AD_Reference_ID reference="id"/>
                <AD_Val_Rule_ID reference="id"/>
                <VFormat/>
                <AD_LabelStyle_ID reference="id"/>
                <AD_FieldStyle_ID reference="id"/>
                <PA_DashboardContent_ID reference="id"/>
                <Placeholder/>
                <AD_Val_Rule_Lookup_ID reference="id"/>
                <IsAutocomplete/>
                <AD_FieldGroup_ID reference="id"/>
            </AD_UserDef_Field>
            <AD_UserDef_Field type="table">
                <AD_Org_ID>0</AD_Org_ID>
                <AD_Org_ID reference="id">0</AD_Org_ID>
                <IsActive>Y</IsActive>
                <AD_UserDef_Tab_ID reference="uuid" reference-key="AD_UserDef_Tab">ca70a7e4-f12b-4d86-834e-5273c4933c20</AD_UserDef_Tab_ID>
                <AD_Field_ID reference="id">545</AD_Field_ID>
                <Name>ZIP</Name>
                <Description>Postal code</Description>
                <Help>The Postal Code or ZIP identifies the postal code for this entity's address.</Help>
                <IsDisplayed/>
                <DisplayLength>0</DisplayLength>
                <DisplayLogic/>
                <IsReadOnly/>
                <IsUpdateable/>
                <SortNo>999</SortNo>
                <SeqNo>70</SeqNo>
                <IsSameLine/>
                <DefaultValue/>
                <AD_UserDef_Field_UU>0f2fb1d3-eb80-45f5-9e78-41decca4194e</AD_UserDef_Field_UU>
                <IsAlwaysUpdateable/>
                <MandatoryLogic/>
                <ReadOnlyLogic/>
                <AD_Reference_Value_ID reference="id"/>
                <IsMandatory/>
                <XPosition>1</XPosition>
                <NumLines>1</NumLines>
                <ColumnSpan>2</ColumnSpan>
                <IsToolbarButton/>
                <AD_Reference_ID reference="id"/>
                <AD_Val_Rule_ID reference="id"/>
                <VFormat/>
                <AD_LabelStyle_ID reference="id"/>
                <AD_FieldStyle_ID reference="id"/>
                <PA_DashboardContent_ID reference="id"/>
                <Placeholder/>
                <AD_Val_Rule_Lookup_ID reference="id"/>
                <IsAutocomplete/>
                <AD_FieldGroup_ID reference="id"/>
            </AD_UserDef_Field>
            <AD_UserDef_Field type="table">
                <AD_Org_ID>0</AD_Org_ID>
                <AD_Org_ID reference="id">0</AD_Org_ID>
                <IsActive>Y</IsActive>
                <AD_UserDef_Tab_ID reference="uuid" reference-key="AD_UserDef_Tab">ca70a7e4-f12b-4d86-834e-5273c4933c20</AD_UserDef_Tab_ID>
                <AD_Field_ID reference="id">543</AD_Field_ID>
                <Name>Address 1</Name>
                <Description>Address line 1 for this location</Description>
                <Help>The Address 1 identifies the address for an entity's location</Help>
                <IsDisplayed/>
                <DisplayLength>0</DisplayLength>
                <DisplayLogic/>
                <IsReadOnly/>
                <IsUpdateable/>
                <SortNo>999</SortNo>
                <SeqNo>80</SeqNo>
                <IsSameLine/>
                <DefaultValue/>
                <AD_UserDef_Field_UU>7677e0ef-4b48-492b-a575-58e90cd238fb</AD_UserDef_Field_UU>
                <IsAlwaysUpdateable/>
                <MandatoryLogic/>
                <ReadOnlyLogic/>
                <AD_Reference_Value_ID reference="id"/>
                <IsMandatory/>
                <XPosition>1</XPosition>
                <NumLines>1</NumLines>
                <ColumnSpan>5</ColumnSpan>
                <IsToolbarButton/>
                <AD_Reference_ID reference="id"/>
                <AD_Val_Rule_ID reference="id"/>
                <VFormat/>
                <AD_LabelStyle_ID reference="id"/>
                <AD_FieldStyle_ID reference="id"/>
                <PA_DashboardContent_ID reference="id"/>
                <Placeholder/>
                <AD_Val_Rule_Lookup_ID reference="id"/>
                <IsAutocomplete/>
                <AD_FieldGroup_ID reference="id"/>
            </AD_UserDef_Field>
            <AD_UserDef_Field type="table">
                <AD_Org_ID>0</AD_Org_ID>
                <AD_Org_ID reference="id">0</AD_Org_ID>
                <IsActive>Y</IsActive>
                <AD_UserDef_Tab_ID reference="uuid" reference-key="AD_UserDef_Tab">ca70a7e4-f12b-4d86-834e-5273c4933c20</AD_UserDef_Tab_ID>
                <AD_Field_ID reference="id">544</AD_Field_ID>
                <Name>Address 2</Name>
                <Description>Address line 2 for this location</Description>
                <Help>The Address 2 provides additional address information for an entity.  It can be used for building location, apartment number or similar information.</Help>
                <IsDisplayed/>
                <DisplayLength>0</DisplayLength>
                <DisplayLogic/>
                <IsReadOnly/>
                <IsUpdateable/>
                <SortNo>999</SortNo>
                <SeqNo>90</SeqNo>
                <IsSameLine/>
                <DefaultValue/>
                <AD_UserDef_Field_UU>f6647795-ead3-4e7d-9a95-081b94b0cd20</AD_UserDef_Field_UU>
                <IsAlwaysUpdateable/>
                <MandatoryLogic/>
                <ReadOnlyLogic/>
                <AD_Reference_Value_ID reference="id"/>
                <IsMandatory/>
                <XPosition>1</XPosition>
                <NumLines>1</NumLines>
                <ColumnSpan>5</ColumnSpan>
                <IsToolbarButton/>
                <AD_Reference_ID reference="id"/>
                <AD_Val_Rule_ID reference="id"/>
                <VFormat/>
                <AD_LabelStyle_ID reference="id"/>
                <AD_FieldStyle_ID reference="id"/>
                <PA_DashboardContent_ID reference="id"/>
                <Placeholder/>
                <AD_Val_Rule_Lookup_ID reference="id"/>
                <IsAutocomplete/>
                <AD_FieldGroup_ID reference="id"/>
            </AD_UserDef_Field>
        </AD_UserDef_Tab>
    </AD_UserDef_Win>
</idempiere>
